"游戏","apk_type",Count
"com.mobile.legends",2,78
"com.ngame.allstar.eu",2,75
"com.firsttouchgames.dls3",2,56
"com.bandainamcoent.ninjavoltage_app",2,49
"com.nekki.shadowfight3",2,46
"com.netease.chiji",2,45
"com.LOUTF.HomeGaurds",2,42
"com.kiloo.subwaysurf",2,35
"com.supercell.clashofclans",2,33
"com.nexon.elswordlunasl",2,30
"com.garena.game.kgth",2,26
"com.netease.rs",2,26
"jp.konami.pesam",2,26
"com.elex.lastbattlegroundsurvival",2,25
"com.hastyclicks.poolrewards",2,25
"com.dts.freefireth",2,24
"com.netmarble.revolutionthm",2,24
"com.ea.gp.fifamobile",2,23
"com.king.candycrushsaga",2,21
"com.aniplex.fategrandorder.en",2,20
"eu.bandainamcoent.tekkenmobile",2,20
"com.gamedreamer.sglm",2,19
"com.ea.gp.simsmobile",2,18
"com.bandainamcoent.saoif",2,17
"com.superking.ludo.star",2,17
"com.ea.gp.fifaworld",2,16
"com.miniclip.eightballpool",2,15
"com.sixjoy.warsong1",2,15
"com.ForgeGames.SpecialForcesGroup2",2,14
"com.garena.game.kgid",2,14
"com.nintendo.zaba",2,14
"com.aniplex.fategrandorder",2,13
"com.netmarble.lin2ws",2,13
"com.nexon.pbs",2,12
"com.supercell.clashroyale",2,12
"zombie.survival.craft.z",2,12
"com.ea.game.nfs14_row",2,11
"com.nekki.shadowfight",2,11
"com.nianticlabs.pokemongo",2,11
"org.ppsspp.ppsspp",2,11
"com.aniplex.magireco",2,10
"com.cmplay.tiles2",2,10
"com.djwl.PLD3",2,10
"com.nexon.durango",2,10
"com.peoplefun.wordcross",2,10
"com.gameloft.android.ANMP.GloftA8HM",2,9
"com.igg.android.lordsmobile",2,9
"com.king.candycrushsodasaga",2,9
"com.maleo.bussimulatorid",2,9
"com.mojang.minecraftpe",2,9
"com.nextwave.wcc2",2,9
"com.nintendo.zaca",2,9
"com.vroovy.jadeja",2,9
"it.dcsoft.pocketgirl",2,9
"com.firsttouchgames.dlsa",2,8
"com.gameloft.android.ANMP.GloftR7HM",2,8
"com.gdx.diamondrush",2,8
"com.ketchapp.assassinscreedtower",2,8
"com.ludo.king",2,8
"com.naturalmotion.customstreetracer2",2,8
"com.netease.ko",2,8
"com.sega.sprint",2,8
"jp.klab.captain283",2,8
"air.com.helloair.HELLOFROG",2,7
"com.contol.rutn.te",2,7
"com.episodeinteractive.android.catalog",2,7
"com.firsttouchgames.fts15",2,7
"com.firsttouchgames.story",2,7
"com.gmthai.bar",2,7
"com.hxbkvn.dk.mg",2,7
"com.imangi.templerun",2,7
"com.ncsoft.lineagem19",2,7
"com.nexon.overhit",2,7
"com.supercell.hayday",2,7
"io.voodoo.dune",2,7
"air.com.hypah.io.slither",2,6
"com.HighbrowInteractive.IndianTrainSim",2,6
"com.appsomniacs.da2",2,6
"com.bandainamcoent.narutoblazingna",2,6
"com.dianhun.xgame.lvs.global",2,6
"com.ea.games.r3_na",2,6
"com.gameloft.android.ANMP.GloftGGHM",2,6
"com.gameloft.android.ANMP.GloftOLHM",2,6
"com.garena.game.kgvn",2,6
"com.hotheadgames.google.free.bops",2,6
"com.nexon.da3",2,6
"com.opalastudios.pads",2,6
"com.ovilex.eurotruckdriver",2,6
"com.skgames.trafficracer",2,6
"com.ucool.heroesarena",2,6
"es.socialpoint.DragonCity",2,6
"com.aiming.caravan",2,5
"com.bandainamcogames.dbzdokkanww",2,5
"com.criticalforceentertainment.criticalops",2,5
"com.ea.game.simcitymobile_row",2,5
"com.gameloft.android.ANMP.GloftM5HM",2,5
"com.gamepub.bb.g",2,5
"com.garena.game.kgtw",2,5
"com.hasbro.beybladesenterprise",2,5
"com.herogames.gplay.crisisactionsa",2,5
"com.imangi.templerun2",2,5
"com.longtech.lastwars.gp",2,5
"com.nordcurrent.canteenhd",2,5
"com.pikpok.dr2.play",2,5
"com.roblox.client",2,5
"com.sega.sonicdash",2,5
"com.soccermanagerltd.soccermanager2018",2,5
"com.superevilmegacorp.game",2,5
"com.vng.dmzvn",2,5
"com.wb.goog.mkx",2,5
"jp.kamasu.singekionline",2,5
"com.Alienforcegames.ChessFusionFree",2,4
"com.addswhilessuffers.binds",2,4
"com.ansangha.drdriving",2,4
"com.asobimo.alchemiastory",2,4
"com.bandainamcoent.ninjaborutage_app",2,4
"com.bitmango.rolltheballunrollme",2,4
"com.blayzegames.iosfps",2,4
"com.dts.freefire",2,4
"com.ea.game.pvz2_na",2,4
"com.ea.game.pvzfree_row",2,4
"com.ea.gp.nbamobile",2,4
"com.fingersoft.hcr2",2,4
"com.fingersoft.hillclimb",2,4
"com.fortafygames.colorswitch",2,4
"com.gameloft.android.ANMP.GloftMOHM",2,4
"com.gameloft.android.ANMP.GloftMVHM",2,4
"com.generagames.resistance",2,4
"com.gs5.cfm",2,4
"com.hotheadgames.google.free.survivors",2,4
"com.hypebits.android.thriller",2,4
"com.kathleenOswald.solitaireGooglePlay",2,4
"com.klab.bleach",2,4
"com.ludia.jurassicworld",2,4
"com.miHoYo.bh3oversea",2,4
"com.monsterssaga.th",2,4
"com.mousecity.faraway2",2,4
"com.nekki.vector",2,4
"com.netease.onmyoji.gb",2,4
"com.netmarble.destiny",2,4
"com.netmarble.mherosgb",2,4
"com.nexon.axe",2,4
"com.nintendo.zara",2,4
"com.outfit7.mytalkingangelafree",2,4
"com.outfit7.mytalkingtomfree",2,4
"com.ovilex.drivingschool2017",2,4
"com.playrix.homescapes",2,4
"com.racergame.cityracing3d",2,4
"com.rsg.heroesevolved",2,4
"com.stove.themusician.google",2,4
"com.ubisoft.hungrysharkworld",2,4
"com.wb.goog.injustice.brawler2017",2,4
"com.zynga.livepoker",2,4
"jp.co.aiia.nogifes",2,4
"me.dreamsky.leagueofstickman",2,4
"me.pou.app",2,4
"zozo.android.crosswords",2,4
"air.winroad168",2,3
"at.nerbrothers.SuperJump",2,3
"br.com.rodrigokolb.realdrum",2,3
"com.CarXTech.CarXDriftRacingFull",2,3
"com.Level5.YWWWUS",2,3
"com.MadOut.BIG",2,3
"com.Teen.Love.Story.Game",2,3
"com.and.games505.Terraria",2,3
"com.avecreation.drivingzonegermany",2,3
"com.bentostudio.ballsvsblocks",2,3
"com.billiards.city.pool.nation.club",2,3
"com.blayzegames.newfps",2,3
"com.cmplay.dancingline",2,3
"com.colagame.qyj.th",2,3
"com.cwin.en2star",2,3
"com.dalcomsoft.ss.jyp",2,3
"com.differencetenderwhite.skirt",2,3
"com.disney.disneyinfinity3_goo",2,3
"com.edengames.GTSpirit",2,3
"com.entermate.flyffasia",2,3
"com.gamedevltd.wwh",2,3
"com.gameloft.android.ANMP.GloftWOHM",2,3
"com.gamestar.perfectpiano",2,3
"com.globalfun.tj2015.google",2,3
"com.glu.sniperx",2,3
"com.groundhog.multiplayermaster",2,3
"com.hbqlxcdx.vm",2,3
"com.hcg.cok.gp",2,3
"com.herogames.gplay.crisisactionna",2,3
"com.julian.fastracing",2,3
"com.king.farmheroessaga",2,3
"com.koyokiservices.FoF",2,3
"com.linekong.dbm.na.google",2,3
"com.lost.king.games.ludo",2,3
"com.madfingergames.deadtrigger2",2,3
"com.madfingergames.unkilled",2,3
"com.matatu.common",2,3
"com.maxgames.stickwarlegacy",2,3
"com.mgc.miami.crime.simulator.two",2,3
"com.mmarcel.g4",2,3
"com.msl3d.dsl",2,3
"com.netease.z3.android",2,3
"com.netmarble.penta",2,3
"com.netmarble.tera",2,3
"com.nextwave.wcc_lt",2,3
"com.nj.callbreak.android",2,3
"com.nxaly.tiop.xt",2,3
"com.oddyarts.StoneOfLifeEXNative",2,3
"com.outfit7.talkingtomgoldrun",2,3
"com.outfit7.talkingtompool",2,3
"com.ovilex.drivingschool2016",2,3
"com.pixel.gun3d",2,3
"com.platogo.pmp",2,3
"com.repus.gink.osku",2,3
"com.robtopx.geometryjumplite",2,3
"com.scopely.whiplash",2,3
"com.soma.ml",2,3
"com.standylan.dunkhit",2,3
"com.starg.rainbow",2,3
"com.supercell.boombeach",2,3
"com.touchtao.soccerkinggoogle",2,3
"com.ubisoft.accovenant",2,3
"com.weurotrucksimulator2SNG",2,3
"com.zhaben.crou",2,3
"com.zynga.FarmVille2CountryEscape",2,3
"company.gamesx.guitarflash",2,3
"first.devloper.blue.whale",2,3
"game.xin.classic",2,3
"io.voodoo.stackjump",2,3
"jp.co.beeworks.funghisden",2,3
"jp.konami.pesclubmanager",2,3
"jpark.AOS5",2,3
"leagueofmonkeys.torqueburnout",2,3
"net.froemling.bombsquad",2,3
"org.cocos2dx.NautilusCricket2014",2,3
"org.ppsspp.ppssppgoldyq0712ep",2,3
"uk.co.aifactory.chessfree",2,3
"yoyo.Easy2play.now",2,3
"air.BattleofZombies",2,2
"air.com.generamobile.kingcraft",2,2
"air.com.sublinet.rugbymanager",2,2
"ata.kraken.heckfire",2,2
"badminton.king.sportsgame.smash",2,2
"baidoithuong.king88.tienlenvietnam",2,2
"be.abrakam.faeria",2,2
"co.maingame.SimulatorBusTelolet3D",2,2
"com.Bingo.Fighter",2,2
"com.CarXTech.highWay",2,2
"com.Cheritz.MysticMessenger",2,2
"com.DynamicGames.HeavyBusSimulatorTeste",2,2
"com.DynamicGames.HeavyTruckSimulator",2,2
"com.HomeNetGames.Pirates2",2,2
"com.RaionStudio.GhostBattle2",2,2
"com.RoosterGames.Battledogs",2,2
"com.SomeRobot.Tez",2,2
"com.TwinbeStudio.BorutoBattleNinjaVoltage",2,2
"com.aim.racing",2,2
"com.alien.shooter.galaxy.attack",2,2
"com.ansangha.drjb",2,2
"com.appsoft.ball.shot",2,2
"com.astragon.constructionsim2uslt",2,2
"com.auxbrain.egginc",2,2
"com.babeltimeus.legendstd",2,2
"com.bandainamcoent.godeateronline",2,2
"com.bandainamcoent.optsE",2,2
"com.bandainamcoent.sailormoondropsww",2,2
"com.bandainamcoent.seiyazben",2,2
"com.beam.NGDriveV1",2,2
"com.berniiiiiiii.tekatekisilang",2,2
"com.bij.gutsp",2,2
"com.bistudio.minidayz",2,2
"com.blackpanther.ninjaarashi",2,2
"com.blacktile.piano.tiles.two",2,2
"com.braineaters.ninja2",2,2
"com.broy.ultimatefootball",2,2
"com.brunosousa.drawbricks",2,2
"com.chess",2,2
"com.chillingo.robberybobfree.android.row",2,2
"com.cigames.sgwm",2,2
"com.clj.fbdemo",2,2
"com.cmcm.arrowio",2,2
"com.com2us.inotia4.normal.freefull.google.global.android.common",2,2
"com.cookingmania.masterchef.cooking.fever.google.freegame",2,2
"com.cpu.free.dsemulatorv6",2,2
"com.creativemobile.zc",2,2
"com.crisisfire.android.efun.ru",2,2
"com.critical.strike.shoot.fire.cssf",2,2
"com.cw.en5warrior",2,2
"com.degoo.android.icecreammaker",2,2
"com.deimos.emu",2,2
"com.devsisters.gb",2,2
"com.dffg.critical.strike.assault.mission",2,2
"com.diandian.gog",2,2
"com.dle.afterpulse",2,2
"com.doodlemobile.vicecity",2,2
"com.droidhang.ad",2,2
"com.dsaen.and",2,2
"com.ea.game.fifa15_row",2,2
"com.ea.game.maddenmobile15_row",2,2
"com.ea.games.r3_row",2,2
"com.ea.games.simsfreeplay_na",2,2
"com.eyougame.wsjs.en",2,2
"com.fastemulator.gbafree",2,2
"com.fgs.rsonw",2,2
"com.firstclassfootball.apeeovin",2,2
"com.fluffyfairygames.idleminertycoon",2,2
"com.foursakenmedia.noblemen",2,2
"com.funny.daichien",2,2
"com.funplus.familyfarm",2,2
"com.g6677.android.phairsalon",2,2
"com.gamebasics.osm",2,2
"com.gameloft.android.ANMP.GloftDOHM",2,2
"com.gameloft.android.ANMP.GloftL2HM",2,2
"com.gameloft.android.ANMP.GloftNOHM",2,2
"com.gamevil.cartoonwars3.android.google.global.normal",2,2
"com.gamevilusa.afterpulse.android.google.global.normal",2,2
"com.garena.game.headvn",2,2
"com.glu.dd2",2,2
"com.glu.flc2",2,2
"com.glu.modwarsniper",2,2
"com.gta.grandtheftauto.crime.city.sniper",2,2
"com.haikugamesco.escapeasylum",2,2
"com.hasbro.monopolyhereandnow",2,2
"com.horus.bulletstrike",2,2
"com.iFlaps.iSmokeWeedFree",2,2
"com.iccwct2012.iccworldt202012",2,2
"com.igg.clashoflords2",2,2
"com.indiagames.cricketfever",2,2
"com.ironhidegames.android.kingdomrush",2,2
"com.jetstartgames.chess",2,2
"com.jiinfeng3d.bfrdemo",2,2
"com.ketchapp.rider",2,2
"com.kimjisub.launchpad",2,2
"com.king.candycrushjellysaga",2,2
"com.kukouri.wizworld",2,2
"com.lego.bricksmore",2,2
"com.lilithgame.sgame.gp.oss",2,2
"com.linecorp.LGGIRLS",2,2
"com.linecorp.LGGRTHN",2,2
"com.linecorp.LGMARBLE",2,2
"com.linecorp.LGTMTM",2,2
"com.linecorp.LGTMTMG",2,2
"com.lockwoodpublishing.avakinlifevr",2,2
"com.lsgames.gotostreet",2,2
"com.lyto.irism",2,2
"com.madfingergames.deadtrigger",2,2
"com.makingfun.mageandminions",2,2
"com.maniraam.shooter",2,2
"com.masilgames.skyassault",2,2
"com.masomo.headball2",2,2
"com.mawpo.jcm.lk",2,2
"com.maxgames.aow2",2,2
"com.mega.caught.mc",2,2
"com.melesta.toydefense2",2,2
"com.mgc.miami.crime.simulator",2,2
"com.mgc.stickman.rope.hero.two",2,2
"com.mgs.sniper1",2,2
"com.miHoYo.bh3rdJP",2,2
"com.miniclip.basketballstars",2,2
"com.ministone.game.risingsuperchef2",2,2
"com.mmo.android",2,2
"com.moonglabs.epiccricket",2,2
"com.motionvolt.flipdiving",2,2
"com.naturalmotion.csrracing",2,2
"com.naturalmotion.dawnoftitans",2,2
"com.nekki.shadowfighttv",2,2
"com.nextgames.android.twd",2,2
"com.nixhydragames.thearcana",2,2
"com.nway.powerrangerslegacywars",2,2
"com.ourpalm.kof.jp",2,2
"com.ovilex.taxisim2016",2,2
"com.ovilex.trucksimulator3d",2,2
"com.owngames.owncoffeeshop",2,2
"com.owngames.tahubulat",2,2
"com.pixelberrystudios.choices",2,2
"com.pixonic.wwr",2,2
"com.playdemic.golf.android",2,2
"com.playizzon.sachinsagalite",2,2
"com.playpark.dot",2,2
"com.playrix.gardenscapes",2,2
"com.pocket.adventure.en",2,2
"com.princeofpersia.tricks",2,2
"com.ps.horrorclown.survival",2,2
"com.rababagames.hajwalah",2,2
"com.racergame.cityracinglite.free",2,2
"com.raftsurvival.raft",2,2
"com.rasheedsoft.million",2,2
"com.redkoda.chinesepokermultiplayer",2,2
"com.rovio.baba",2,2
"com.rtsoft.growtopia",2,2
"com.sb.flowers.tool",2,2
"com.sdarisdari.NaroAdevGame",2,2
"com.sega.sonic.transformed",2,2
"com.shatiie.piano",2,2
"com.simpleton.galacticrush",2,2
"com.snailgameusa.aowd",2,2
"com.socialquantum.acityint",2,2
"com.square_enix.android_googleplay.khuxjp",2,2
"com.teaandcakegames.yandere",2,2
"com.theonegames.gunshipbattle",2,2
"com.thetisgames.googleplay.rcflightsimulator2016.free",2,2
"com.twelvegigs.heaven.bingo",2,2
"com.typhoon.lastsurvive",2,2
"com.vectorunit.purple.googleplay",2,2
"com.vg.airportpilot.car.transporter.plane",2,2
"com.vizorinteractive.zombiesettlersv2",2,2
"com.vng.g6.a.zombie",2,2
"com.wellgames.ss",2,2
"com.whiture.apps.ludoorg",2,2
"com.wolvesinteractive.traffictour",2,2
"com.wonder.pool.eightball",2,2
"com.wordsmobile.grandfightgangsters",2,2
"com.wordsmobile.gunship",2,2
"com.workpoint.themasksingertinystage",2,2
"com.wreszzz.wwetnastars.allsfighting",2,2
"com.youmusic.magictiles",2,2
"com.ysn.mustaphagame",2,2
"com.zeptolab.cats.google",2,2
"com.zitga.ninja.stickman.legends",2,2
"com.zoidsgame.zoidsfieldofrebellion",2,2
"com.zuuks.euro.truck.simulator",2,2
"com.zytoona.lostword2",2,2
"de.mobilebits.soulcraftarena",2,2
"de.mobilebits.soulcraftdefault",2,2
"exustus.drift.game.car.online.hjulh",2,2
"fi.twomenandadog.zombiecatchers",2,2
"first.devloper.blue.whaalever3",2,2
"im.maya.legendaryheroes",2,2
"io.teslatech.callbreak",2,2
"joykeratif.tts",2,2
"jp.co.atm.vcon.ww",2,2
"jp.kamasu.singeki3d",2,2
"jp.konami.duellinks",2,2
"lemmingsatwork.quiz",2,2
"mobi.gameguru.racingfever",2,2
"net.kernys.aooni",2,2
"net.mobigame.zombietsunami",2,2
"net.phang69.tienlenmiennam.gamebai",2,2
"net.wargaming.wot.blitz",2,2
"net.wargaming.wows.blitz",2,2
"org.ppsspp.ppssppgoldjsu0810kqz",2,2
"person.box.blackbean",2,2
"qhpgames.kpoppianotiles",2,2
"action.ninja.fight.warriors",2,1
"air.Lucy",2,1
"air.MSPMobile",2,1
"air.SchoolPublic",2,1
"air.WhackTheCreepsAndroid",2,1
"air.android.extremebabybirthg",2,1
"air.au.com.metro.DumbWaysToDie2",2,1
"air.bg.lan.Monopoli",2,1
"air.com.A3rdsense.SwordsandSandalsLite",2,1
"air.com.FDGEntertainment.Lonewolf.gp",2,1
"air.com.FoodMakerDessertRecipes",2,1
"air.com.badlyinterrogated.currentflow",2,1
"air.com.beachbumgammon",2,1
"air.com.brokenbulbstudios.miscrits",2,1
"air.com.cutplay.slither.snake.io",2,1
"air.com.freshplanet.games.SongPop2",2,1
"air.com.globalgear.kr.city",2,1
"air.com.hoiquan52.choibaionline",2,1
"air.com.innogames.grepolis",2,1
"air.com.konami.ygo",2,1
"air.com.murka.poker",2,1
"air.com.pearsoned.poptropica",2,1
"air.com.spilgames.CatsEmpire",2,1
"air.com.spilgames.trollfacequestunlucky",2,1
"air.com.sublinet.tastytale",2,1
"air.com.tensquaregames.letsfish",2,1
"air.com.turner.boomerangmakeandrace",2,1
"air.com.tutotoons.app.babyhouse",2,1
"air.com.web4games.bouncingballs",2,1
"air.cookingyardrestaurant",2,1
"air.loveandbloodhe",2,1
"air.net.lol.gqgames",2,1
"air.net.shiftup.yrz2",2,1
"air.saiko",2,1
"air.sjsix",2,1
"air.uk.co.itng.app",2,1
"air.wom.Client",2,1
"alterforce.huntress_lite",2,1
"and.onemt.war.ar",2,1
"appus.pro.travelinggameapp",2,1
"at.ner.lepsWorld2",2,1
"au.com.wickedwitch.kingofspin",2,1
"avidly.pet.alliance.gwxlm",2,1
"ballz.brick.breaker.ballz.bounce.free",2,1
"block.app.wars",2,1
"bmu.mobi",2,1
"book.colorpages.peepapig",2,1
"boom.pez.abecedaria.pezboom",2,1
"br.com.casaopen.biblehangman",2,1
"br.com.rodrigokolb.realguitar",2,1
"br.com.tapps.bidwars",2,1
"br.com.tapps.callofdoodie",2,1
"br.com.tapps.fashionsalondash",2,1
"brain.phisics.boxpuzzles",2,1
"bwebmedia.strawberryicecreamsandwiches",2,1
"ca.halsafar.genesisdroid",2,1
"ca.roofdog.pm3",2,1
"chanphom.bkool.danhbai2015",2,1
"cheatsforrelicrun2.newlineapps",2,1
"co.chopperkhan.emojisurvival",2,1
"co.singta.sidstory",2,1
"co.tamatem.hazalhadeedtatweef",2,1
"com.AURORA.ModernAirCombat3D",2,1
"com.AXgamesoft.TurbopropFS",2,1
"com.AdofGames.BattleOfDots",2,1
"com.AnionSoftware.ApocalypseRunnerSeasons",2,1
"com.AppNewGame.ZumaDeluxe2017.Revengemarbleempire",2,1
"com.ApparelAreUs.dressup",2,1
"com.AprenderJugando.gameKids",2,1
"com.AslanGameStudio.ClownHouse",2,1
"com.Badu.BountyHunt",2,1
"com.BatonGames.AgeOfStone",2,1
"com.BeTiqni.alhot.azraak",2,1
"com.BeastBattle.Simulator",2,1
"com.BeerMoneyGames.Demolition2",2,1
"com.BlackFoxEntertainment.DriftLegends",2,1
"com.Bullinzadu.EzrealMirror",2,1
"com.CactusGames.ClashOfCrime",2,1
"com.CeanDoo.JunkyardTycoon",2,1
"com.Cheesecake.JasonFriday13th",2,1
"com.Chibig.VRFantasy",2,1
"com.ChillyRoom.DungeonShooter",2,1
"com.ClarkSongBookk",2,1
"com.Company.BOV",2,1
"com.Company.TornadoAlley",2,1
"com.CraftingMax.Explore",2,1
"com.Devzavod.TheSyrianBunker",2,1
"com.EGProject.StoneOfSouls2Free",2,1
"com.ENP.LoA.wt.googleplay",2,1
"com.EON.Tower",2,1
"com.ExtraCraft.Helga",2,1
"com.FDGEntertainment.Oceanhorn.gp",2,1
"com.FIFAStreet4.FootBallFES2017",2,1
"com.FaGame.Parking",2,1
"com.FakeCall2",2,1
"com.FirefighterSimulator2016",2,1
"com.ForgeGames.SpecialForcesGroup",2,1
"com.FunnyTime.Escapethe100roomI",2,1
"com.Gamozome.CarSimulator3D",2,1
"com.GettingOver.GettingOverIt",2,1
"com.GoGames.ClubSoccerDirector",2,1
"com.Hafjanj.DreamLeagueSoccer18",2,1
"com.HasjStudio.SoccerBarcelona",2,1
"com.HighbrowInteractive.IndonesianTrainSim",2,1
"com.Highspeedstudio.survivalraftmultiplayer2",2,1
"com.HomeNetGames.ZombieDefense",2,1
"com.HuriyaSoft.MiniMilitia3D",2,1
"com.Imaginationtoinnovation.BirdsShooting",2,1
"com.ImperiumMultimediaGames.MMA_Fighting_Clash",2,1
"com.InzenStudio.TapVoyager",2,1
"com.JogosAurora.Ponami",2,1
"com.JohnWright.ThriveIslandsFree",2,1
"com.KamaBulletGameLab.HackingSimulator",2,1
"com.Kazeta.WithstandZ",2,1
"com.Konan04.happybicycle",2,1
"com.Koukoi.Unstoppabull",2,1
"com.Laxarus.TigerBall",2,1
"com.LeSquare.ZombieReaperFixLT",2,1
"com.Level5.YWP",2,1
"com.LivelyCraft.BlockWorld",2,1
"com.M8.EjenAli_MATA_Academy",2,1
"com.MantisGames.DriftandRallyFREE",2,1
"com.MariiasGames.RetroBrickGame",2,1
"com.Meromsoft.SchoolGirlsSimulator",2,1
"com.Mosaba9a.asiladinia.qoran",2,1
"com.NeoMobileGames.BattleCity",2,1
"com.NextFloor.DestinyChild",2,1
"com.OppanaGames.HuntingSimulator4x4",2,1
"com.OppanaGames.MuscleCarChallenger",2,1
"com.OppanaGames.MuscleCarZL",2,1
"com.Passpartout.StarvingPainter",2,1
"com.PenguinRandomHouse.Beano",2,1
"com.PianoTiles.Pianotiles2alanwalker",2,1
"com.PiguinSoft.CafeRacer",2,1
"com.PoisonGames.SlendrinaMustDieTheAsylum",2,1
"com.PoisonGames.WendigoTheEvilThatDevours",2,1
"com.ProfiSoft.BMWDrifting",2,1
"com.QmzApps.hs",2,1
"com.Qplaze.RealRetroGames2",2,1
"com.RadanGames.Trainzimulator",2,1
"com.Reimajina.bookstory",2,1
"com.RoosterGames.RevolutionOffroad",2,1
"com.RoosterGames.TruckDriver2Multiplayer",2,1
"com.Sancaventures.GrandShooter",2,1
"com.ScnStudios.RealCityCarDriver3D",2,1
"com.Skowza.benten.ten.ben",2,1
"com.SmartSpace.SoSF.Android.malaysia",2,1
"com.SmokedStudios.CSim2",2,1
"com.StudioFurukawa.PixelCarRacer",2,1
"com.StudioR.TPR",2,1
"com.TJOC.TheJoyOfCreation",2,1
"com.TailOfTales.WaifuOrLaifu",2,1
"com.TaleSoftStudio.TapSouls",2,1
"com.UltimateGames.Fishing",2,1
"com.Vampire.Love.Story.Teen.Game.Romance",2,1
"com.WildSoda.MineSurvival",2,1
"com.Wooriline.Tienlen1vs1",2,1
"com.YoStarJP.AzurLane",2,1
"com.Zeeppo.RockLife",2,1
"com.a33studio.cspw",2,1
"com.abigames.towerdefense.td2",2,1
"com.absolute.bingo",2,1
"com.absolutist.skyclash",2,1
"com.acidcousins.fdunk",2,1
"com.actgames.bbrr.sgp",2,1
"com.actgroup.offroad.oiltanker.transport.simulation",2,1
"com.action.assassin.legend",2,1
"com.actiongames.multiplayercs",2,1
"com.activision.wipeout2",2,1
"com.adeskadev.jewelsthelgndofspdr",2,1
"com.adhdstudios.weedshop3",2,1
"com.agatestudio.juraganhantunew",2,1
"com.agatestudio.monsterresto",2,1
"com.agk.blitz",2,1
"com.ahoygames.okey",2,1
"com.aim.racinggt",2,1
"com.aladinfun.clashofsky_vn_pig",2,1
"com.alanapps.standoff",2,1
"com.alawar.FF3AmericanPie.F2P",2,1
"com.alawar.FarmFrenzy3.IceDomain",2,1
"com.amazinggamemaker.guessnamebasketballplayer",2,1
"com.amdroid.pedo.gas.flatulencia",2,1
"com.amech.mount.snipersstrike",2,1
"com.amegoo.dakon",2,1
"com.and.games505.exilebattleroyal",2,1
"com.and.riseofthekings",2,1
"com.androbaby.game2048",2,1
"com.androbros.wordsearchindonesian",2,1
"com.andromo.dev528717.app499404",2,1
"com.andron.crosswords2",2,1
"com.androyal.rivercrossing.complete",2,1
"com.angame.gunnymobi.vn",2,1
"com.anhhuy.ds4droid",2,1
"com.anhhuymarsh.ds4droid",2,1
"com.animoca.google.lordofmagic",2,1
"com.ankama.dragnboom",2,1
"com.ansangha.drdominoes",2,1
"com.ansangha.drlink",2,1
"com.ansangha.drparking4",2,1
"com.appgame7.jigsaw.free",2,1
"com.appgamesepakbola.ligasatuindonesia",2,1
"com.applabs.puzzle",2,1
"com.appquiz.Baby_Blocks",2,1
"com.apps.tomlinson.thefut17draftsimulator",2,1
"com.appxplore.crabwar",2,1
"com.appzone.lowkhyrokpro",2,1
"com.arloopa.rollercard",2,1
"com.arqew.bgc",2,1
"com.arzastudio.wheeliebike",2,1
"com.asg.etgt2",2,1
"com.asobimo.AlmategiaOfficial",2,1
"com.asobimo.avabel_gp_b3",2,1
"com.asobimo.izanagiOfficial",2,1
"com.asobimo.toramonline",2,1
"com.aspieapps.free.emulator",2,1
"com.assasinCreed.bloodlinesWalking",2,1
"com.atari.mobile.rctempire",2,1
"com.atomgame.gunwar",2,1
"com.auxbrain.zh2",2,1
"com.auxbrain.zombie_highway",2,1
"com.avengertw",2,1
"com.avidionmedia.iGunHD",2,1
"com.awt.subwayruncity",2,1
"com.axlebolt.standoff2",2,1
"com.azurgames.BattleGroundRoyale",2,1
"com.badfrog.conspiracy.app",2,1
"com.badminton.free",2,1
"com.bahubali.game",2,1
"com.bai69.danhbaidoithuong",2,1
"com.balysv.loop",2,1
"com.bambo.soccerbeach",2,1
"com.bandai.zakstorm",2,1
"com.bandainamcoent.citywars",2,1
"com.bandainamcoent.digimon_linkz",2,1
"com.bandainamcoent.digimon_linkz_ww",2,1
"com.bandainamcoent.imas_millionlive_theaterdays",2,1
"com.bandainamcoent.saomd",2,1
"com.bandainamcoent.saomdna",2,1
"com.bandainamcoent.sgr",2,1
"com.bandainamcoent.taikogp",2,1
"com.bandainamcoent.torays",2,1
"com.bandainamcogames.dbzdokkan",2,1
"com.bandainamcogames.pacfriends",2,1
"com.bandainamcogames.sdgstww",2,1
"com.barkost.rpg",2,1
"com.baviux.voicechanger",2,1
"com.bbgame.sgzapk.hk",2,1
"com.beardoor.mykoreanteacher",2,1
"com.bearhugmedia.android_sportsday",2,1
"com.beautygirlsinc.android_fashiondressdesigner",2,1
"com.beautygirlsinc.android_magzinephotoshoot",2,1
"com.beautygirlsinc.android_makeupeyesalon",2,1
"com.beautygirlsinc.android_winterhair",2,1
"com.beemoov.secrethenri.android",2,1
"com.ben.alien.fight.transform.tentengame",2,1
"com.berniiiiiiii.pyramots",2,1
"com.bestking.ninjawar",2,1
"com.beststrategy.kofxiv",2,1
"com.bettergame.clashhero",2,1
"com.beyondstudio.knightgame",2,1
"com.bfs.papertoss",2,1
"com.bigame.petworldred",2,1
"com.bigbeep.drivecar",2,1
"com.bigmouth.controlvoicegame",2,1
"com.bigzur.slenderiiifree",2,1
"com.bigzur.slendermansaga.free",2,1
"com.binaryworkssystems.juraganwayang",2,1
"com.bitmango.go.blockhexapuzzle",2,1
"com.bitmango.go.lollipop2match3",2,1
"com.bitmango.go.wordcookies",2,1
"com.bladeburning.racing.highway.offroad.hill.apps",2,1
"com.blockgame.toycubes",2,1
"com.blockot.bike.dune",2,1
"com.blockot.sniper_commando_warrior_ghost",2,1
"com.bluediamondgame.candyultimate",2,1
"com.bobby.carrothd",2,1
"com.bog.aircraftcombat",2,1
"com.bon.club.songbaihoanggia",2,1
"com.boolit.thefinalpowerlevelwarrior",2,1
"com.bottleflip2k16",2,1
"com.box10.dontwhackyourteacher",2,1
"com.boyaa.androidmarketar",2,1
"com.boyaa.enginexgxianggangqp.main",2,1
"com.breakfirst.ben10bf",2,1
"com.breakfirst.kuriosportsTV",2,1
"com.bubadu.bubbu",2,1
"com.bubadu.doctorkids",2,1
"com.bubadu.doctorkids2",2,1
"com.bubadu.littlebabydoctor",2,1
"com.budgestudios.HelloKittyLunchBox",2,1
"com.budokai.xenoverse.superSayan",2,1
"com.budokaiTenkaichi.saiyanGoku",2,1
"com.buffstudio.bkafree",2,1
"com.buildingcraftinggames.crafting.and.building.princess.girls.craft.exploration.adventure.minecraft.roblox.my.little.pony.sims",2,1
"com.bulky.sports.real.tag.wrestling",2,1
"com.bus.simulatorindonesia2018",2,1
"com.bxapps.BridalOutfitsShopping",2,1
"com.byv.TheArchers2",2,1
"com.byv.TheCatapult",2,1
"com.caCookie.JunleJewels",2,1
"com.callofcourage2.ww2.FrontlineCommando",2,1
"com.candyrufusgames.survivalcrafttrial",2,1
"com.cashquizz.cashquizz",2,1
"com.casuapps.locolor",2,1
"com.catdaddy.cat22",2,1
"com.catdaddy.catsicle",2,1
"com.catdaddy.mynba2k18",2,1
"com.catool.vegas.gangstercitytwo",2,1
"com.cds.zombiefortressdinofree",2,1
"com.cgame.royalchest",2,1
"com.chadtowns.daxfree",2,1
"com.cherry.pianist2",2,1
"com.cheshirex.stickmanthefight",2,1
"com.chess.master3d",2,1
"com.chesskid",2,1
"com.chillingo.catapultkingfree.android.row",2,1
"com.chillingo.fightback.android.rowplay",2,1
"com.chillingo.parkingmaniafree.android.rowgplay",2,1
"com.ciousya.casino.tongits",2,1
"com.city.commando.shooter",2,1
"com.cjenm.ModooMarbleKakao",2,1
"com.cjenm.sknights",2,1
"com.cluttermedia.flapbirdhd",2,1
"com.cocoplay.black.friday",2,1
"com.cocoplay.cocohiphop",2,1
"com.cocoplay.girlssquad",2,1
"com.cocoplay.iceskater",2,1
"com.cocoplay.shoppinggirl",2,1
"com.cocoplay.sweet.bakery",2,1
"com.codigames.dungeon",2,1
"com.com2us.inotia3.normal.freefull.google.global.android.common",2,1
"com.com2us.ninepb3d.normal.freefull.google.global.android.common",2,1
"com.combineinc.streetracing.driftthreeD",2,1
"com.confun.virtual.mom.famil.fun",2,1
"com.constellasys.crazyeights",2,1
"com.coolw.kr1warrior",2,1
"com.cooyostudio.finger.glow.hockey",2,1
"com.cooyostudio.penguin.run2",2,1
"com.coromandelinfotech.csk",2,1
"com.corp.Sniper",2,1
"com.counter.terrorists.swat.attack",2,1
"com.coweye.musync.googleplay",2,1
"com.crack.screen.prank.bfun",2,1
"com.crater.bbtan",2,1
"com.crazybuzz.candycrackmania.free",2,1
"com.crazyneuron.real.gangster.crime",2,1
"com.credeone.aircombatracing",2,1
"com.credeone.aorrdx",2,1
"com.crescentmoongames.aralon2zero",2,1
"com.crescentmoongames.morphite",2,1
"com.cricketaustralia.bigbash2016",2,1
"com.cricketgames.cricket",2,1
"com.crisisaction.tapkich",2,1
"com.crossfield.chess",2,1
"com.crossfield.shogibeginner",2,1
"com.crowdstar.covetfashion",2,1
"com.cs.real.rescue.simulation.free.apps",2,1
"com.csgoonline.counterterroriststrikebulletgun",2,1
"com.cup.bombervszombies_free",2,1
"com.cw.en1warrior",2,1
"com.cyscorpions.supersonicsurge",2,1
"com.dancingsquirrel.elf",2,1
"com.dautruongonline.gamesamloc",2,1
"com.dbSoftware.sievolve",2,1
"com.dbs.vertigoracing",2,1
"com.ddianle.lovedance.auditionmobile",2,1
"com.defjamfightforny.streetboxingfighting",2,1
"com.den.city.car.stunt.game",2,1
"com.desirepk.sniperx.apps",2,1
"com.devtek.cpa6",2,1
"com.dexintgames.ironleague",2,1
"com.dgs.bhop",2,1
"com.dgstudios.Secret.Agent.LaraCroft.two.FrontLine.Commando",2,1
"com.dhrandroid.word.search",2,1
"com.dhstudio.fisheatfish",2,1
"com.dictionary.solitaire",2,1
"com.dimcoms.checkers",2,1
"com.dirtybit.fra",2,1
"com.disney.wheresmywater2_goo",2,1
"com.distgames.whoisundercover",2,1
"com.djinnworks.RopeFly.lite",2,1
"com.djinnworks.StickmanSoccer2014",2,1
"com.dle.respawnables",2,1
"com.dm.BubbleShooter",2,1
"com.dmitsoft.illusion",2,1
"com.dmitsoft.magicwand",2,1
"com.dmitsoft.mouse",2,1
"com.dn.games.dtmafia",2,1
"com.dnddream.headsoccer.android",2,1
"com.domino.offlinefree",2,1
"com.dongtq.kingchess",2,1
"com.doodle.countershot",2,1
"com.doodle.turboracing3d",2,1
"com.doodlejoy.studio.kidsdoojoy",2,1
"com.dozcore.mathew.biblequiz",2,1
"com.dreamleague17.dsl",2,1
"com.dreamyTyper.timeStopper",2,1
"com.dressup.princess.manicure.free",2,1
"com.droid.developer.crack.screen.prank",2,1
"com.droidhang.zhanshen",2,1
"com.droidhen.game.racingmoto",2,1
"com.drynine.biblehangman",2,1
"com.dsemu.drasticdemo",2,1
"com.dualcarbon.drivesimulator2016Lite",2,1
"com.duckprog.makhos",2,1
"com.dvloper.granny",2,1
"com.dvloper.slendrinax",2,1
"com.dw.x2.gp.hd",2,1
"com.dzdev.motawassila",2,1
"com.ea.game.easportsufc_row",2,1
"com.ea.game.pvz2_row",2,1
"com.ea.game.starwarscapital_row",2,1
"com.ea.game.tetris2011_na",2,1
"com.ea.gp.fifaultimate",2,1
"com.ea.gp.nbamobile_sea",2,1
"com.ea.nfsautolog.bv",2,1
"com.easyrom.gameboy_advance_emulator_pro",2,1
"com.educastudio.marbeltamanbermain",2,1
"com.efun.twqmcs",2,1
"com.efun.zhuxian.sm",2,1
"com.efunfun.hk.chww",2,1
"com.eightelements.catlil.galacticheroes",2,1
"com.eightelements.freemiu.ejojoattack",2,1
"com.ej.gwon.th",2,1
"com.ekkorr.endlessfrontier",2,1
"com.ekkorr.endlessfrontier.global",2,1
"com.elechand.ikmkpro",2,1
"com.emadoz.tarneeb",2,1
"com.empire.grow.rome",2,1
"com.empunderantsinc.underemp",2,1
"com.emulator.psx",2,1
"com.emumega.snesp",2,1
"com.entertainment88.android.capsaroyale",2,1
"com.eoffactory.dungeonwalker",2,1
"com.epicwaronline.ms",2,1
"com.erosnow.MunnaMichael",2,1
"com.esportshooting.fps.thekillbox.tr",2,1
"com.estoty.game2048",2,1
"com.eva.treasureHunters",2,1
"com.exiongames.exionhillracing",2,1
"com.expertinapps.supermarketshoppinggirl",2,1
"com.explorercorp.cog",2,1
"com.extremedevelopers.tanksvsrobots",2,1
"com.ezjoynetwork.marbleblast3",2,1
"com.fairies.ru",2,1
"com.fanellapro.pocketestimation.android",2,1
"com.fantasticfun.easypclearning",2,1
"com.farlenkov.vrtps",2,1
"com.fastemulator.gbcfree",2,1
"com.fasten.wwrm",2,1
"com.fbbgo.dominocraft",2,1
"com.fdgentertainment.bananakong",2,1
"com.feelingtouch.strikeforce",2,1
"com.feelingtouch.zf3d",2,1
"com.ffgames.racingincar",2,1
"com.ffgames.sniper",2,1
"com.fgol.HungrySharkEvolution",2,1
"com.fibrum.captainfellcraftvr",2,1
"com.fibrum.crazyswingvr",2,1
"com.fibrum.roallercoastervr",2,1
"com.finz.real.street.football.soccer",2,1
"com.fires.jungle.run",2,1
"com.firstborngames.piggy",2,1
"com.fivedragonsgames.dogefut18",2,1
"com.flaregames.zgs",2,1
"com.flazm.bobtherobber4",2,1
"com.flerogames.aos.pitapatrestaurant.global.test",2,1
"com.flipgamesstudio.fire",2,1
"com.float32.themelobeat",2,1
"com.flyairup.matchgame.DiamondJungleHero",2,1
"com.fme.CookingCountry",2,1
"com.fonondy.dctc",2,1
"com.footballagentfree",2,1
"com.forallgames.spinblade3",2,1
"com.foranj.citybuilder",2,1
"com.foranj.newyeartale",2,1
"com.formulagames.f1.extreme.racing",2,1
"com.forrep.pad.combo",2,1
"com.forthblue.pool",2,1
"com.freegames.vegasgangstercrimesimulator",2,1
"com.freeslotsyou.trade",2,1
"com.frogmind.badland2.cmcm",2,1
"com.frojo.moy5",2,1
"com.froschmedia.skaterfree",2,1
"com.ftt.controlp.aos.Dev",2,1
"com.ftxgames.narcos",2,1
"com.fun4u.wifi.passwords",2,1
"com.fungame.mst.en",2,1
"com.fungames.animalescape",2,1
"com.fungames.battletanksbeta",2,1
"com.fungames.blockcraft",2,1
"com.fungames.flightpilot",2,1
"com.fungames.sniper3d",2,1
"com.fungamesmobile.escapechristmas",2,1
"com.funhtml5games.hangmanbible",2,1
"com.funny.uno",2,1
"com.funplus.familyfarmtango",2,1
"com.funplus.kingofavalon",2,1
"com.funplus.zh.daota",2,1
"com.fusion.fighter.en",2,1
"com.futureplay.minecraft",2,1
"com.fuvu.kvjhgvj.en",2,1
"com.g4fun.hoaquadaichien",2,1
"com.gabblestudios.boredbutton",2,1
"com.gadgetcrafts.enigmabox",2,1
"com.galapagossoft.trialdemo",2,1
"com.galasports.football",2,1
"com.gamad.shipgamessimulator",2,1
"com.game.JewelsStar",2,1
"com.game.mario.pinojungle",2,1
"com.game.space.shooter2",2,1
"com.gamearena.mountain.climb.challenge",2,1
"com.gamebai.nhatantat",2,1
"com.gamebai.sodoplay",2,1
"com.gamebolt.battleroyale",2,1
"com.gamecircus.tycoon",2,1
"com.gamedevltd.modernstrike",2,1
"com.gamefirst.chibisurvivor",2,1
"com.gameft.halloweenghostrider",2,1
"com.gamehouse.d11gp",2,1
"com.gamehouse.delicious15",2,1
"com.gameicreate.indiandesignersareesfashionsalonforwedding",2,1
"com.gameinsight.gobandroid",2,1
"com.gameiva.schooltripfunforkids",2,1
"com.gameloft.android.ANMP.GloftAGHM",2,1
"com.gameloft.android.ANMP.GloftHFHM",2,1
"com.gameloft.android.ANMP.GloftO2HM",2,1
"com.gameloft.android.ANMP.GloftRAHM",2,1
"com.gameloft.android.ANMP.GloftSXHM",2,1
"com.gameloft.android.ANMP.GloftZSHM",2,1
"com.gamelon.son.of.zeus",2,1
"com.gamelord.templefinalrun",2,1
"com.gamenami.chronoclash",2,1
"com.gameone.moto.extreme",2,1
"com.gamepanda.ST",2,1
"com.gameparadiso.milkchoco",2,1
"com.gamepixelsstudio.offroad.jeep.mountain.climb",2,1
"com.gameresort.sz2google",2,1
"com.games.edge.bmx.stunts.racer2017",2,1
"com.games.edge.heavy.mountain.bus.simulator",2,1
"com.games2win.powercrickett20",2,1
"com.games37.eoa",2,1
"com.gamesofa.android.luxytexasholdem",2,1
"com.gamevil.cartoonwars.one.global",2,1
"com.gamevil.dragonblaze1.android.google.global.normal",2,1
"com.gamevil.psrforkakao",2,1
"com.gamevil.punchhero.glo",2,1
"com.gamlox.mightybattlesgame",2,1
"com.gamtertainment.futuristic.battle.simulator",2,1
"com.gamzpromaker.CommandoGames",2,1
"com.garena.game.ak47en",2,1
"com.garena.game.ak47th",2,1
"com.garena.game.botw",2,1
"com.garena.game.fomvn",2,1
"com.garena.game.kofvn",2,1
"com.gav.swar.en",2,1
"com.gcrest.yume100prince.android",2,1
"com.gd.parking.bus.plaza.jeep.luxury",2,1
"com.gdi.crunchybit.alchemica",2,1
"com.geargames.pfp",2,1
